Username,Solana_Address
Timotius Vincent,8pGJynk7khku8kU74KXftRYXkh7HEaMqntiapzHqnYGN
Kenzii. â¤ï¸TravelFrogğŸ¸ ğŸŒ±SEED| DropsğŸ’§,8bjNYY7FMtiGCvAPbnsUsjTGMyv2HYgstj7YbRTkLuA9
PakLalet | DropsğŸ’§,DN1FfMCS1aWrVu6pE8tspSvDWAdgsPpfsS5iYemBGwFN
Babi HutanğŸ…ğŸ¾,7YiLR5ExtbtGVokcKWP5epTgVbWWqtwgMgmdzQJrdyxS
ğŸ¤ ğŸ¾â–ªï¸ ğŸµ ğŸ°ğŸ‹ğŸŒ±SEEDğŸˆâ€â¬›ğŸ’  $VROG,HacJRe6NLGVm9gutCmcTLZrzFHgRUYWCQHirAPbJqiCk
Ayangkayess â–ªï¸,3EJvqTx1eyGCMDGpBzyMEPnjC7VTqKC8m6BPQvZrWkUD
Lukman Triono ğŸ…â–ªï¸ğŸ¾ğŸ,5Rhy73VguSr1HC91z5aFXspcBjt9knYX4gko2p8JsoXW
Ahmad Fahri ğŸ… â–ªï¸ğŸ¾| DropsğŸ’§ ğŸŒ±SEED,EzZfd6Dss2uMRCYEdH32XnfvypHZwHq4XBeTDFw4h9WM
Aii Botutihe ğŸŒ±SEED | ğŸ¾,9hpGccEc62WWgewMuBfn5KjbbKHbjYrTdPNAbEdhpTGZ
Victorezo,7rmBAWwoFnv5aLhpqCf4UkGaMnVLwwB41BGT8YLBGnBW
Tes ğŸ… Tes ğŸˆâ€â¬› â–ªï¸ ğŸ¾| DropsğŸ’§,6L33v4GCnbmufvS1JboZgeaK6W7FFPr3bjhfXqZDETsc
Bullszcrypto | Drops,E8HcxS5nKc7FWSM65jTBvRhSXPtdCqrJAvvpddFqrH8P
Lukman Triono ğŸ…â–ªï¸ğŸ¾ğŸ (again),5Rhy73VguSr1HC91z5aFXspcBjt9knYX4gko2p8JsoXW
Marrr Loong ğŸ¾ğŸŒ±SEED,7Fck8UdQfpSNWyXS9xhYy1THeHFA6Baca4QEpTx2Lg3R
SQ OneğŸ¾,85QfD1E7z3WjnWuvZEtAUoBsFktRYTYC68k1QxL3hxbu
Angel,A83Jxf6wLPQ5VkfJMBMUY2S9PYBNL9KVdpQzE5wnSgXB
ayun pasa,BZYBnkkaDtTdzWX8nrSTKucexjk5AJQyusmYnLfNGPhD
Nur Sugianto ğŸŒ±SEED ğŸ¦SUI ğŸ¥ğŸ¾ğŸ‹ğŸâ–ªï¸| DropsğŸ’§ğŸ¸ ğŸ’ğŸ±CATGOLD $VROG Oxyz,9pp34Udv6svrZL6b8d3vNuN2gZ5sbCbdMaxLBgz3PUyM
MYSTERY | DropsğŸ’§ IDOSOL.me,H7BP2VRssDykt4Qg68e3FQpDBffcX66TasSZmuic6kGN
ğŸ¤ sigit ğŸš€PoPP ğŸ¥ Gra-Gra ğŸŒ±SEED ğŸ¦ SUI ğŸ¾â–ªï¸,3qM3RPaSrBjtbWpRPFPD3Thxse5LgKuJMKiQSp6ciHQf
jumbaliali,6uLayS3spCvv8cem3V7f7dui8gqcosZauHdUuo2imGck
Rhnn ğŸŒ±SEED,BugvokViHd1Qtci7KYrBErNTjjg3otyKn2NhciwFJuQv
Yummy | ğŸ  ClickCity ğŸ…â–ªï¸ğŸ¾ğŸğŸ¦ğŸ“¦ Bums| DropsğŸ’§ğŸŒ±SEEDğŸ¾ BabyDoge PAWS,88vMyPXbzjiWQgsg7Dbmcg2WSF638sgRcdXGm46EAVmX
bsk ncyâ–ªï¸ğŸ¾,5GzyKzFKgkfjQx3PfVMs5ntqs5eCL6STQV1W8X8jbXrr
Afsheen Qiana ğŸ¾ ğŸ… | DropsğŸ’§$VFROG,J6bqXa99aamBjzVuoi1EHC5gqcSE4w88aNiJH5qy6LGc
yandi,DXERBWebHGNquvJG31MmtyHmnm5douR5xkfbgSQPXaFp
KifğŸ¦† FLIES ğŸª°ğŸ¥ ,BJoYFbH22rJv4MzeE4cyF4xJmbrnY9hXeJRYjxKwbs3
Onlinecoin ğŸ¤ Gra-Gra ğŸ¦´ğŸŒ±SEED WAVE ğŸŒŠ â–ªï¸ğŸ¾ | DropsğŸ’§,2HSQfYvAnVsEBFeHRYYxYoSybNU7NqUV3RJ835tMsVwD
á¶¦á¶°áµˆKingStoreâ–ªï¸ğŸ¾,3BHtuuLDoWsYtcrJEQA1U84Ma8TStXWjnSKH5cFDqtap
Adiâ–ªï¸ .Oxyz,3f9yxeoPopU8HfzNXc4itEXco94VVpp1cenBWACRLGSJ
Zaa ğŸ¦´,FfqhkYyhQrnBF4Jq7zHBMmhNTG2x9QdksDcxXHnGA693
Eki Pratamaâ–ªï¸ğŸ¾ ğŸŒ±SEED | DropsğŸ’§,GCFJAST44PrN1whj2bGSB7y9HCQNWgNv7pVN1p4SxvxY
.ğŸ¾,UFHDrSsvfX2KGZSHhtSsZMwnP9nbxFZBbJxn6K4Mgbd
Gimlyyz (sweet revenge/acc) | DropsğŸ’§,GWpNGX6Pc8cCjDUatVrUnyrrtw3ZdKwUhoEUehkPQ5ZL
SandrağŸ…ğŸ¾ Amelia | DropsğŸ’§,Ea4ptB3hP9hGzpEWAsrG8pWbBVDrLUJXB14qjsTYWNt3
Raya X,BHWTzEP3QcCemQQeA8xHSMvi5HdKNJLCS9KXypnPwadM
aldi Siag,5DvP8Ha8fAXMvvZnaAeCQ28e93nW9pHsbZVYSjVH47mk
Lukman Triono ğŸ…â–ªï¸ğŸ¾ğŸ (duplicate),85QfD1E7z3WjnWuvZEtAUoBsFktRYTYC68k1QxL3hxbu
Mahnod ğŸŒ±SEED ğŸ… ğŸ¾ â“‚ï¸ MEMES,GCHNwHAcnWFjUwQRsWv11Yh4HQhsKmvodFcex4g7JpYh
Veyzâ„¢ğŸ¾| DropsğŸ’§ â–ªï¸ğŸŒ±SEED,9pLdFF9bqmy7r7n6pHT54aH2zvpbFzFPwQvvu1FV6qai
SUPER GEMBULLL,3AxMHqDKWB3wUJjgV6mGqfDVwQqdQ1c8ShZSYnsPyeM3
. ğŸŒ±SEED ğŸ¾ BabyDoge PAWS || INSYALLAH JPğŸ’  ğŸ…â–ªï¸ğŸ¾ ğŸ‹ | DropsğŸ’§,szrXJ1CMaiZ9LSbxCky85MQzbCqpK3TKdqxRB61UTWH
REZZA(â¤ï¸TravelFrogğŸ¸)...,8njWxPKGXhdHGAQPYYJW7EBk9GZTdtG1WddZHrLKmG2Q
You call me bek ğŸ¥”,EXtgJk4YpZTSMhX4PpPdFGMHFn432BA9unjzKeomQRmY
á´Šá´€á´„á´‹ | SANG SANNIN ğŸ¦ SUI ğŸ¾ ğŸŒ±SEED | DropsğŸ’§,CWnmhzCwMipJwCa88xp6SmGtarhiZeEf7cC9qMHBp2hP
Miscella $VROG DropsğŸ’§ğŸŒ±SEED ğŸ¾ â–ªï¸,8pJrbY5Ex4wSMpM36uuZLs59UjeuauqP1Zb4NsjD3qxd
Kojojago02â„¢ğŸ¾ğŸŒ±SEED â–ªï¸,1HL1zCPe2Jm3MPwVJh3nD1o3zDb8HwbVqfQzgbmpRft
JODS | DropsğŸ’§ ğŸŒ±SEED,5xHy2nWzQ9EASHPCNsvjDtm7GYEgxovEjNLAttF41KMj
Zyaa | Cryptokom.Oxyz,Fr6EzawMqUgGohDNdozmWWHczqHQhUdzuf27eJcosXWn
optx208 ğŸŒ±SEED,BzVg87euocCbaVjRwmXhfkmAaRpEDGGjLmiR7s34icmW
Rizky Dani ğŸ¾| DropsğŸ’§,A8dMHadFgLaeRbyWmoKCetiiReFBTcV4AhuPCatcj1PX
Papi Chulo ğŸ¾,2DCMVtpkV8r7dP2RaLrGxDdkCU58vGFod2s7Bv6GEPzA
demonshunt,BLJDwP4rdKrFdcW7UtUB97cCgeKkTy82S8ix9sQEuKt1
jumbaliali (again),6uLayS3spCvv8cem3V7f7dui8gqcosZauHdUuo2imGck
Nurkholik | DropsğŸ’§ğŸ…,BS1oWRQF58CbmhqnNSgSMdxs8rzhoLaejshqXD5A1hBo
VennXD ğŸ¾| DropsğŸ’§,JBwP8j3DhxmJh97hB6KUWdyYuRw8uHoYGnhefxxjMB3g
Rece ShangğŸŒ±SEEDğŸ…ğŸ‹ğŸ§‘ğŸ»â€ğŸ’»,63aZJQM2BjWNNjM8bLGwLb9dacNCSDuoyPGMZg1c2g8t
ğ™ğ™–ğ™£ğ™–ğ™¯ğ™ª ğ•â–ªï¸| DropsğŸ’§,FBrgk1GTPQuHbSNhCjaGFD73KUmGBFigA3kHBBsa1k6z
Rizky Dani ğŸ¾| DropsğŸ’§ (again),DfHUJrfEHaYg7Y4nBPjxQQSYL5AFzZthsnygsWizj2vF
Angel (2),B5fWxVAhNqSd89KKfv8U1y6LJ5tSUbXCNWYwHrgEJkUL
alfinâ–ªï¸ğŸ¾ ramadan,6b8yWKrMXwbmah3fmuZXDyw7zKwAZQp3dDHi2HESC4qR
obengasep581â–ªï¸ğŸ¾,8rYgSZsASHuUC2FqovwjtBQ4T2u1mDRzBwBejzcctHMB
(No username),GLqpWKrFp1c1uE615wWru76z3cmgPvigjeRStc22rr4P
WARRğŸ¾| DropsğŸ’§$SOLCLAIM Roomm,HatucnCy3j6dyC4RA5HbMP792DgSvxzku9oGhYqfJaD8
Ari ğŸ¾,42TdXD1XpocMPq11RpM3owwJ2QPzsDQkvwmxBoJjMRfy
pastijpğŸ¦´| DropsğŸ’§ğŸ¸| $EMOJI,CPMu1p6aHudH1J42Z3gM3dHWw6o9GQBMf1d4UjAwZaoS
markonahğŸŒ±SEED | DropsğŸ’§,AUFCPYwC5m61MZZovafD2Na89EpYq33tqpFjfAYVrDuf
hantu caruluk| DropsğŸ’§ğŸŒ±SEED,GWKvXz9MFXaPTW3Ay2AcqKbR6xtqKUADriXQcuptDyKu
(No username),3AfJz3TBsSr8ycdMwvCaaSSCZmAuMLAHSaLdXnu8QvhM
fallforğŸ¾,AFWLr851r6JZBEECsG3aTH4cofk2XRwu2zVourtm8aEA
HakkuğŸ¾,EM4JPMsYuBpYZkULfbFZrtTcZ1XcBE686ZXpfCuiBauk
10taclesssğŸ¾,DNy4oeSmNazpU62wKtLDRjTEbsZ4z13xot7K8Hq8fTNR
Hery Setiawan,AcFkrvt1VuX5d4iLMaS2rWkXNockPiDHe9vdV9AqwgFP
surya15ğŸ¾,7qMDFZmmhV39ZQohPqNyCLxyQzNqXUDANPQutfQeTKUh
yokosoohğŸ¾,95BXTr45VrTYpdscivvyoA5bShaZd5m6gr2wFSN6jBFk
faiyahhhhğŸ¾,DgYpZAgvnvR7hBJo8SpXu3uicD3nTBz9nUtv68BGRrgH
Deny Indriyana,9jaLmGvTrd5KfdpnHZFJi1aAwYq2MUMZEfEnZNB6rZBr
weniweb3ğŸ¾,GmBQJs99rHuAabcm8mhm6bueswXsrsGXWUnMYVqE6nfF
onedepok| DropsğŸ’§DUCKS ğŸ¦† $SOLCLAIM Warr,6kDzH3UCkmNDBzjhh9HVomSehreY3grqdm8YgUQWPaT2
kiyy â–ªï¸,cpjAqq1gFmf1Zc244gpP5E3attas2FJdNpWAoFfGFHU
